id,car_model,car_year,car_vin,color,price
1,Vibe,2009,WA1LMBFE4FD902145,Indigo,"€25252,66"
2,4000CS Quattro,1987,WVGFF9BPXBD994686,Teal,"€36733,84"
3,A4,1999,2C4RDGCG9ER928142,Fuscia,"€15085,55"
4,300M,1999,SCBZK22E02C258206,Pink,"€15000,75"
5,Accord,2000,SCFAD02E79G367470,Teal,"€21272,77"
6,Cube,2012,WP0AB2A83CS821651,Mauv,"€19933,07"
7,Eurovan,1992,1FTEW1CF0FF111368,Goldenrod,"€15163,21"
8,Alero,2003,WAUBH74F67N480547,Red,"€37270,30"
9,Tahoe,2009,JN8AS5MT5CW491431,Red,"€16903,97"
10,Roadrunner,1969,5N1BA0NE7FN276922,Pink,"€16832,36"
11,Fortwo,2011,WBA1F5C54FV880958,Violet,"€30646,70"
12,911,1997,4A31K2DF1BE359899,Goldenrod,"€35082,48"
13,Element,2003,WAUWGAFB9BN470504,Pink,"€22103,43"
14,98,1993,WVGEF9BP1DD901794,Indigo,"€37280,15"
15,SL-Class,1986,WAUEH48H48K995489,Blue,"€10879,65"
16,3 Series,2011,2G61M5S39E9636493,Blue,"€22837,48"
17,Rally Wagon 2500,1994,JH4CL96898C490338,Goldenrod,"€13985,12"
18,Previa,1997,WAUGL78E55A796788,Blue,"€10071,64"
19,LaCrosse,2011,WVWAN7AN6DE781625,Maroon,"€29088,57"
20,Defender,1995,WDBSK7AA6CF148849,Teal,"€24244,13"
21,V40,2004,JTDKN3DUXB0314198,Green,"€23880,15"
22,C70,2009,5UXKU6C53F0572534,Turquoise,"€22775,06"
23,HHR,2006,3GYFNDE30FS282237,Fuscia,"€30409,37"
24,Sierra 1500,2011,1GTPCTEX2AZ010507,Aquamarine,"€30446,78"
25,Esteem,2002,1HGCR2F34DA313604,Red,"€28846,36"
26,100,1990,19UUA8F58CA875844,Khaki,"€24743,58"
27,57,2009,SCBCU7ZA6AC970492,Crimson,"€12753,11"
28,Firefly,1995,1D4PU7GX7BW080169,Orange,"€37784,70"
29,Type-1h,2010,WAUPEAFM2DA506099,Crimson,"€14991,96"
30,Quest,1997,1FTMF1EW2AF174800,Red,"€38266,58"
31,Escalade,2003,1G6DL1ED9B0457292,Indigo,"€38279,47"
32,Yukon XL 1500,2011,5FRYD4H67FB221322,Fuscia,"€34285,67"
33,C8,2007,1G4CW54K644410476,Teal,"€25175,17"
34,Tacoma Xtra,2003,2C3CDZAT1FH615759,Puce,"€19365,42"
35,Wrangler,1997,2C4RDGDG7DR329141,Turquoise,"€29657,32"
36,MDX,2007,5UMDU93568L183279,Pink,"€14068,91"
37,Vision,1995,SCFFBCBD9BG652990,Mauv,"€20910,24"
38,Ram 1500 Club,2001,WA1VFBFL2EA631183,Yellow,"€24790,77"
39,Avalanche 1500,2006,1C3BCBGGXEN122376,Puce,"€22546,29"
40,Mountaineer,2004,WA1YD64B43N566993,Turquoise,"€28838,41"
41,Elan,1990,WAULC58EX4A700963,Khaki,"€12076,20"
42,XJ,2008,WAUR2AFD3DN138834,Puce,"€36507,36"
43,Explorer Sport Trac,2003,JN8AF5MR1ET617426,Maroon,"€28647,39"
44,Type 2,1985,JN8CS1MWXFM085821,Teal,"€19606,21"
45,Firefly,1992,1ZVBP8JS4A5961771,Mauv,"€37603,59"
46,Grand Caravan,2009,WBAAV33491E977046,Pink,"€36814,93"
47,GLC,1984,5N1AA0NC2BN478121,Khaki,"€28206,97"
48,Ram 3500,1997,1FBNE3BL3BD513501,Red,"€26143,16"
49,Mazda6,2010,5FPYK1F21CB557332,Goldenrod,"€32073,08"
50,CX-9,2007,3D73Y3HL0AG548136,Maroon,"€32630,73"
51,Galant,2010,WBAYM1C54ED641217,Puce,"€32373,36"
52,SC,2006,WAUJT54B04N555251,Violet,"€38472,27"
53,GS,2000,WAUEG74F56N892666,Teal,"€14504,90"
54,Routan,2012,WAU3FAFR7DA691113,Mauv,"€28485,17"
55,Century,1996,WBA3N7C5XEF687939,Khaki,"€34398,44"
56,Astro,2005,WA1VMBFEXBD915906,Pink,"€38417,35"
57,V12 Vantage,2012,JN1CV6AP8DM027817,Mauv,"€26795,41"
58,Sierra 3500,2012,WAUEFBFL9DN430536,Puce,"€25157,88"
59,RL,1998,5J8TB3H34EL457344,Khaki,"€24535,60"
60,Miata MX-5,1994,YV4852CZ4B1514812,Goldenrod,"€26374,49"
61,CL,2002,1D7CE3BKXAS412145,Indigo,"€30152,75"
62,Ranger,2004,1G6DA8EY1B0496864,Mauv,"€38671,96"
63,Town Car,1994,WAU3FAFR3AA373257,Fuscia,"€24393,41"
64,Protege,2002,2G4GN5EC7B9058644,Maroon,"€26047,35"
65,Grand Prix,2007,4T1BD1FK9FU858401,Teal,"€17045,38"
66,Bronco II,1990,JHMZF1D65ES887664,Violet,"€30900,30"
67,Sportvan G20,1992,KNAFX6A83F5684208,Green,"€23987,48"
68,Sequoia,2002,TRUTC28N341451137,Turquoise,"€24037,47"
69,Falcon,1966,WA1BY94L28D014488,Violet,"€18237,70"
70,Corolla,2004,JN1AJ0HP7CM170844,Puce,"€24444,36"
71,911,1989,2G4GY5GV3B9906993,Red,"€26880,35"
72,LaCrosse,2009,2FMDK3AK1DB871693,Pink,"€15959,82"
73,Boxster,2012,1GYFK23249R788877,Mauv,"€37799,83"
74,Bravada,1993,1G4HP52KX3U300003,Indigo,"€31271,10"
75,B-Series,2009,5N1AR1NB8CC941673,Red,"€34528,89"
76,3500,1995,3GYT4LEF7BG242566,Blue,"€15635,14"
77,1 Series,2009,TRUUT28N061432651,Fuscia,"€24216,97"
78,E350,2012,WBAUL73578V413957,Pink,"€21645,33"
79,Mustang,1987,2D4RN4DG0BR152184,Crimson,"€37024,44"
80,Expedition EL,2011,4T1BF1FK0FU322320,Teal,"€33882,76"
81,Rainier,2004,1N6AA0CC0EN690167,Crimson,"€11372,04"
82,Dakota,2011,WAUMFAFLXDA716019,Mauv,"€24970,34"
83,Carens,2007,SCFAB01AX8G298891,Aquamarine,"€25107,41"
84,3 Series,2011,WAUSFAFL5AA502400,Puce,"€28041,22"
85,D350 Club,1992,JN1AZ4EH9DM783014,Mauv,"€17737,49"
86,RL,1997,1HGCP2E31CA855183,Crimson,"€39139,80"
87,QX,2000,WAUMFAFR6EA560387,Crimson,"€35905,21"
88,Forenza,2007,3GYFNBEY6BS722522,Puce,"€18420,10"
89,Patriot,2011,1G6KE57Y52U818809,Turquoise,"€20996,14"
90,Express 3500,2010,WAUJT68E15A017189,Puce,"€34292,56"
91,Sequoia,2007,1GYS3JEF2ER276700,Violet,"€14706,92"
92,Falcon,1966,JTHFF2C20E2688271,Orange,"€35125,53"
93,Reventón,2008,JTDKN3DU5A0229185,Green,"€13063,96"
94,Tacoma,2002,WA1YD64B55N817099,Red,"€14289,08"
95,Stealth,1993,3C63D3JL2CG599499,Yellow,"€31143,26"
96,Metro,1996,JTHBK1EG1B2970041,Orange,"€31393,49"
97,RX-7,1991,1FMJU1G51AE038463,Yellow,"€39035,23"
98,G25,2012,SAJWA0JH7EM857848,Crimson,"€11911,96"
99,Corolla,1992,WBABN53473P652046,Indigo,"€15649,01"
100,F250,2012,4T1BK3DBXBU269341,Orange,"€30737,29"
101,Cayman,2008,1FBAX2CM6FK928064,Indigo,"€15419,84"
102,Stealth,1996,2HNYD18994H509709,Green,"€29406,60"
103,Mariner,2006,1FTSW3B5XAE131729,Goldenrod,"€14931,53"
104,Windstar,2003,WAUYGBFC3CN048057,Yellow,"€36513,46"
105,500E,1993,WAUMFAFH0FN129979,Fuscia,"€39965,24"
106,Villager,1998,WAUEH94F68N043299,Pink,"€18617,85"
107,Town Car,1994,WBA3B3G5XEN030611,Red,"€10754,53"
108,Cube,2010,WAUBF78E86A665020,Mauv,"€36421,56"
109,riolet,1993,1D7RV1GP5BS111075,Khaki,"€18660,93"
110,Lancer Evolution,2005,JTDKN3DU4F0831602,Maroon,"€19704,40"
111,Continental Mark VII,1990,JTHBL1EFXD5166780,Green,"€31027,71"
112,Silverado,2003,WAULFAFH7AN813836,Turquoise,"€37017,04"
113,Thunderbird,1988,WAUGFAFR7CA449115,Puce,"€12012,31"
114,Familia,1991,5N1AT2MK9FC495790,Khaki,"€26458,37"
115,Tempest,1967,JN1CV6EK3EM294881,Red,"€16446,04"
116,Rodeo,1992,WBAPH735X9A070844,Indigo,"€34850,31"
117,LeMans,1967,WAULFAFHXCN716407,Purple,"€35235,48"
118,E350,2010,WAUKFAFL3DN362456,Pink,"€13152,94"
119,Ram Van B150,1992,WBAUT9C50CA358263,Teal,"€39734,15"
120,Titan,2008,1G6KD57YX9U327083,Mauv,"€36368,45"
121,5 Series,1997,1G6DC1ED7B0768672,Red,"€33379,19"
122,Cougar,1987,1C3BC2EB9BN819685,Indigo,"€30982,98"
123,911,2012,KNDJT2A18B7039251,Pink,"€29565,66"
124,Sierra 1500,1999,JM1DE1HY1B0849804,Turquoise,"€23370,17"
125,G25,2011,2G61T5S39E9307344,Blue,"€17532,73"
126,Tundra,2002,WBABW53425P217578,Orange,"€30420,00"
127,Aerostar,1996,2G4GU5GX5E9202912,Pink,"€21811,63"
128,Sentra,1999,WBA3A5G54EN506172,Fuscia,"€39026,56"
129,Range Rover Sport,2008,JN8AS5MT7AW297190,Red,"€24399,80"
130,Savana 1500,2008,JTHBW1GG6D2131121,Pink,"€29755,35"
131,Eos,2012,4T1BF1FK8DU189268,Violet,"€16554,63"
132,F-Series,1987,3N1CN7AP2EK507682,Blue,"€31005,81"
133,Miata MX-5,2006,1N6AF0KY9EN984889,Maroon,"€15069,52"
134,C30,2009,WBAVB73528F603490,Teal,"€15839,43"
135,Cobalt,2007,WAUVT58E14A114080,Aquamarine,"€35884,21"
136,Arnage,2006,1GD11XEG7FF635346,Violet,"€37347,31"
137,Q5,2010,1G6DM5EV7A0151753,Purple,"€25776,08"
138,Quattroporte,1985,WAUAH74F59N302420,Red,"€31013,20"
139,Cougar,1984,1G6DJ8E36D0899830,Aquamarine,"€14803,94"
140,Bronco II,1989,JH4CU2F60EC698851,Red,"€28512,00"
141,88,1994,WAUPL68EX5A797137,Yellow,"€30645,23"
142,M-Class,2002,WAUFMBFC9EN675882,Teal,"€33144,13"
143,Ram Wagon B350,1994,1C6RD6PT0CS741277,Aquamarine,"€29964,87"
144,2500 Club Coupe,1998,WBANN73597C940472,Puce,"€16268,11"
145,Firebird,1996,1GYS4JEF4DR953726,Puce,"€28832,86"
146,Avenger,1995,1C6RD6MT3CS322537,Turquoise,"€26214,37"
147,VUE,2009,1C4RDJDG6CC120963,Violet,"€23926,27"
148,CLK-Class,2006,WBAVB73567K614532,Blue,"€30000,72"
149,Ram Van 3500,1998,1GD02ZCG2DF334178,Mauv,"€15003,98"
150,Aerio,2002,1FTMF1CW6AF823680,Indigo,"€26129,27"
151,Exige,2008,WAUDH48H58K916469,Teal,"€27848,21"
152,Matrix,2004,5BZBF0AA0FN837485,Red,"€24517,18"
153,MDX,2012,3G5DB03EX5S902682,Puce,"€39309,52"
154,Regal,2000,5LMJJ3H54BE036095,Yellow,"€35974,36"
155,LeMans,1988,WBA3T1C55EP674903,Turquoise,"€15263,24"
156,S-Class,2002,WBAFU7C55CD899205,Goldenrod,"€26977,94"
157,CL-Class,2006,WDDPK4HAXFF926849,Khaki,"€17374,34"
158,RL,2006,WBA5A5C50ED326885,Pink,"€25876,48"
159,Dakota Club,1996,JM3KE2BE2D0176916,Green,"€31980,92"
160,SL-Class,2000,1FTSW2B53AE285662,Puce,"€30350,11"
161,Flex,2010,JTEBU4BF9AK771001,Red,"€18953,37"
162,Ram 3500,1996,5UXWX7C53BL724707,Goldenrod,"€10637,74"
163,Contour,1998,2FMDK3AKXDB145217,Violet,"€18092,24"
164,Catera,1999,1GD11ZCG0CF194251,Green,"€23559,88"
165,Swift,2005,3D4PH6FV3AT920094,Maroon,"€36841,43"
166,GS,2009,JN8AZ2KR4DT317757,Aquamarine,"€35312,92"
167,5000S,1986,1G6KE57Y22U551239,Aquamarine,"€14834,91"
168,Silverado 1500,2012,2C3CDXJG9DH743624,Crimson,"€24301,72"
169,EXP,1985,1G6DU6ED2B0350532,Turquoise,"€11904,74"
170,STS,2009,19VDE3F39DE434610,Violet,"€33952,87"
171,3500 Club Coupe,1998,1G6KD57958U058496,Orange,"€35805,50"
172,Firebird,1996,2B3CJ7DJ3BH932893,Fuscia,"€39903,06"
173,XC70,2007,WBASP4C51AC287705,Teal,"€20139,10"
174,Explorer Sport Trac,2009,WAUFFAFM8AA262172,Turquoise,"€34230,75"
175,GLK-Class,2011,1G6DZ67A980128969,Green,"€22622,60"
176,S90,1997,1G6DT57V080580680,Teal,"€14319,61"
177,Accord,2012,KL4CJCSB1DB920296,Mauv,"€33586,83"
178,Forester,2001,1GKUCGEJ6AR150974,Khaki,"€12807,42"
179,FX,2007,1GYS4EEJ5BR754290,Red,"€19253,82"
180,Suburban 1500,2009,WA1YD64B35N038431,Purple,"€10113,78"
181,Gallardo,2012,2G4GR5ERXD9797809,Blue,"€19544,41"
182,Ram 2500,2010,YV1672MK3D2205782,Green,"€37261,16"
183,MKX,2013,JH4NA21624S460707,Pink,"€19086,50"
184,Legend,1990,1G6DU6EA4A0888900,Goldenrod,"€39796,73"
185,Continental GT,2009,WAUMGBFL2AA045962,Yellow,"€30962,35"
186,Ram 2500 Club,1995,1GYS4EEJXCR723540,Green,"€22730,16"
187,Allroad,2005,1GYS3KEF7BR811330,Orange,"€13420,35"
188,RX Hybrid,2010,SALWG2VF4FA132446,Khaki,"€32046,26"
189,rio,2001,1D7CE5GK2AS891553,Violet,"€11913,77"
190,F-Series,1996,1G6DM1ED9B0699674,Green,"€11306,58"
191,745,2004,WBAKB4C59CC314778,Red,"€26599,58"
192,Bronco,1990,WA1CGBFE5CD338637,Aquamarine,"€34812,66"
193,Explorer Sport Trac,2000,W04GN5EC7B1182111,Yellow,"€19841,07"
194,Navigator,2003,WAULC58E72A433911,Goldenrod,"€26478,97"
195,Solstice,2008,KL4CJHSB1FB843106,Green,"€17622,76"
196,Breeze,2000,1G4HP57M29U478717,Mauv,"€35959,23"
197,D350 Club,1993,4F2CY0C77AK635513,Indigo,"€36313,70"
198,S10,1994,WBAEW53444P847873,Indigo,"€36768,82"
199,Lancer,2003,KNALN4D71F5493273,Goldenrod,"€27751,66"
200,Grand Voyager,1998,2C3CDXCT3CH605389,Indigo,"€20814,05"
201,V12 Vantage,2011,5TFAW5F12FX021240,Teal,"€10029,21"
202,Legend,1987,2G4WS52J621580963,Aquamarine,"€11684,02"
203,Corvette,1967,JHMZE2H34BS505970,Fuscia,"€20580,25"
204,3 Series,2012,WAUJC58E72A651158,Indigo,"€10358,53"
205,tC,2005,WAUKF78E35A982525,Teal,"€20601,44"
206,Grand Prix,1989,WBAVD53587A275437,Goldenrod,"€14140,14"
207,Avalon,2012,3C3CFFCR9DT273928,Yellow,"€28210,30"
208,Relay,2005,1GYS3DEF8BR234836,Yellow,"€32788,63"
209,Celica,1992,WAUVC68E05A109928,Teal,"€39985,42"
210,Prius,2008,5NPDH4AE7EH302116,Maroon,"€12389,14"
211,TT,2008,WAUGL58EX5A042175,Yellow,"€24009,24"
212,CT,2012,WVGEF9BP2FD418530,Orange,"€15942,99"
213,Explorer Sport Trac,2002,JH4NA12644T720737,Purple,"€39687,62"
214,3 Series,2002,1GYS3TKJ5FR734770,Crimson,"€32432,75"
215,MGB,1977,1G6AC5S38F0049443,Violet,"€25302,22"
216,Sebring,2001,2HNYD2H82DH402854,Aquamarine,"€37893,16"
217,Crown Victoria,2005,YV1902FHXB2105694,Pink,"€35699,28"
218,Legacy,2009,1G6DL5EV6A0248011,Blue,"€32940,96"
219,Brat,1984,JM1BL1H35A1840386,Blue,"€18551,75"
220,Camaro,1977,WBS3C9C58FP070211,Purple,"€38303,25"
221,S5,2009,1GYEE437180805860,Pink,"€10460,98"
222,F-Series,2010,1N4CL2AP5BC730053,Orange,"€23155,82"
223,Sable,2002,W04G15GVXB1809104,Orange,"€18147,03"
224,Charger,2009,WBABW534X6P847141,Aquamarine,"€14947,10"
225,Mazda5,2010,WVGDP9BPXED389141,Crimson,"€30746,93"
226,C70,2009,1G6DG8EY6B0120403,Green,"€18523,69"
227,530,2006,WAUBF78E47A366996,Puce,"€25318,40"
228,A6,2008,1G4GJ5G31CF558851,Red,"€21585,22"
229,DeVille,2005,KL4CJESB8DB530047,Pink,"€13885,06"
230,GTI,2005,4T1BK3DB5CU468587,Crimson,"€11409,54"
231,LaCrosse,2012,WBAVT13506K168497,Khaki,"€39496,63"
232,Tracer,1989,1G6DK8E37C0904206,Turquoise,"€17534,27"
233,Mazda6,2005,WAUJT64B54N208343,Khaki,"€37644,22"
234,Eurovan,1992,1GYS4FEJ7CR579063,Crimson,"€37315,81"
235,DTS,2010,WA1DKAFP3BA498563,Fuscia,"€16466,98"
236,F150,1996,1FMJU1J52AE664970,Teal,"€35144,45"
237,Elantra,2006,1ZVBP8AM1D5127351,Maroon,"€38934,34"
238,MPV,2002,KNAFK4A66E5595233,Green,"€28228,07"
239,CL,1999,5LMCJ1A93FU321120,Goldenrod,"€36331,87"
240,GranSport,2005,SCBBR53W168168660,Indigo,"€10774,66"
241,Relay,2006,JHMFA3F20BS849231,Indigo,"€20185,57"
242,VUE,2006,4T1BK1EB6EU694191,Crimson,"€16922,79"
243,SJ,1991,1G6AV5S82F0685278,Yellow,"€19579,92"
244,Electra,1989,W04GU5GC9B1232202,Pink,"€33078,70"
245,New Beetle,2005,3D73M3CL9BG458844,Green,"€10610,24"
246,Avenger,1998,1G6DS8E38C0596754,Goldenrod,"€16588,95"
247,T100 Xtra,1995,19VDE1F38FE353508,Violet,"€19443,40"
248,A5,2012,1G4CU541254179283,Blue,"€31468,46"
249,9-5,2004,WAUCFAFR3AA639893,Turquoise,"€19848,12"
250,929,1994,JN1AZ4EH4AM935292,Pink,"€15466,08"
251,Pilot,2008,1FAHP2DW0BG564322,Crimson,"€37345,42"
252,Amigo,1999,WA1WYAFE1AD712226,Fuscia,"€35981,97"
253,EXP,1986,1D7RV1GP0AS275638,Red,"€17247,01"
254,CR-X,1985,WVGEP9BP0FD554250,Mauv,"€14856,28"
255,530,2007,3GYFNAE31FS562148,Puce,"€14737,09"
256,Range Rover,1992,WBAHL03516D672195,Khaki,"€37420,21"
257,Xterra,2007,3A4GY5F9XAT420194,Violet,"€22639,08"
258,Catera,1998,JTJYWRBZ0F2955313,Violet,"€12459,20"
259,Metro,1996,WAUVC58E13A276340,Fuscia,"€18586,14"
260,Tercel,1994,1G6AJ5S30D0733678,Yellow,"€21722,70"
261,Solstice,2007,NM0KS9BN2AT704293,Puce,"€36258,73"
262,Pajero,2000,1G6DS1E32D0566948,Maroon,"€13502,64"
263,NSX,1997,1FTWW3B54AE898655,Goldenrod,"€11826,22"
264,CC,2010,4T1BK3DB0AU301633,Red,"€15393,66"
265,Prizm,1999,2C3CDYCJ9EH176914,Mauv,"€30411,67"
266,Galaxie,1966,5J6TF3H50FL472939,Crimson,"€38516,00"
267,Azure,2007,1FA6P0G70F5260831,Blue,"€36849,74"
268,Evora,2011,3D7TP2CT4AG887924,Crimson,"€34329,29"
269,Century,1994,2B3CL5CT6BH976422,Red,"€11296,87"
270,Sierra,2008,1C3BCBEB3DN164619,Mauv,"€37126,12"
271,Mustang,1989,JTDJTUD37ED335375,Goldenrod,"€33926,73"
272,MPV,1994,WAUBNBFB4BN573999,Purple,"€21645,67"
273,MPV,2006,3GYT4NEF4CG051698,Mauv,"€33233,43"
274,300CE,1993,2G4GT5GV9D9214299,Fuscia,"€30847,50"
275,928,1989,WBA4A9C54FG578013,Green,"€32597,00"
276,Volt,2012,WBALL5C57EE733985,Indigo,"€30734,06"
277,LS,2009,KMHTC6AD5EU563923,Mauv,"€39406,57"
278,RSX,2002,1FBNE3BL8BD091841,Mauv,"€26902,30"
279,Caprice,1991,JHMZF1C47BS946029,Indigo,"€34180,68"
280,C70,2001,2LMHJ5AR4BB370055,Blue,"€35899,04"
281,MPV,2001,WVGEF9BP0FD951847,Pink,"€32107,31"
282,W201,1985,SCFAD22353K728502,Red,"€13453,74"
283,Mirage,2002,1G4GF5G36DF800097,Green,"€32773,65"
284,Grand Marquis,1994,1GD022CG4CZ719553,Violet,"€19427,13"
285,Accord,1996,1GYEE53A390643975,Puce,"€18371,84"
286,Forester,1999,WA1CFAFP6CA319613,Pink,"€11348,25"
287,S80,2006,5XYKT3A60EG276541,Maroon,"€20207,37"
288,Festiva,1990,2HNYD18462H116106,Crimson,"€27781,99"
289,Express,2009,JH4NA12695S782934,Pink,"€26070,29"
290,F450,2011,WAUSH74F87N667661,Violet,"€15164,59"
291,240,1992,3C3CFFARXFT914946,Puce,"€27029,05"
292,Santa Fe,2005,1HGCP2E79BA709924,Maroon,"€29846,68"
293,Escalade,2010,1FTEW1C82AK107470,Aquamarine,"€31967,25"
294,Compass,2009,1GT01XEG5FZ232187,Goldenrod,"€11282,36"
295,GS,1994,2G61S5S3XF9128931,Khaki,"€14136,11"
296,Q,2004,WAUAFAFL9EN535605,Yellow,"€23759,91"
297,Forester,2004,3VW1K7AJ9CM411488,Goldenrod,"€34029,71"
298,CLS-Class,2008,WAUGN94F69N740362,Aquamarine,"€21925,17"
299,RX,2005,WBA3B1C58EF367170,Pink,"€11742,95"
300,G-Series G20,1994,WBA5B3C58FD800827,Pink,"€27643,15"
301,Golf,1993,1FTKR1ADXBP199894,Goldenrod,"€24621,25"
302,XJ,2006,1D7RW5GK0BS378780,Green,"€30224,19"
303,Protege,1992,1G6DN56S950166780,Teal,"€30955,16"
304,Tredia,1988,WAUSF78EX7A912765,Khaki,"€22763,53"
305,Ram 2500,1994,WAUVC68E94A733077,Blue,"€11711,99"
306,Sable,1993,WAUFFAFL2EN399047,Fuscia,"€36195,95"
307,Galant,2008,3D73Y3HL2AG641272,Green,"€27478,05"
308,Mustang,1998,WAUHGBFCXEN500377,Red,"€11090,23"
309,Sebring,2001,19UUA9F21CA799203,Yellow,"€18879,28"
310,C-Class,2007,JN1AZ4EH7FM173745,Mauv,"€10516,05"
311,Econoline E150,1993,WBA3B3C50FJ657106,Purple,"€36567,12"
312,Aries,1981,SCBBP9ZA4AC226517,Indigo,"€25856,10"
313,Grand Prix,1989,WBAVC535X8A563478,Green,"€15655,74"
314,Grand Marquis,1997,JN1BY1AP3DM049925,Mauv,"€39807,15"
315,Venture,2002,5YMGZ0C5XBL938818,Pink,"€28124,10"
316,A8,2000,19UUA65586A092503,Puce,"€11390,07"
317,MDX,2002,JTDKN3DP6E3484040,Khaki,"€21653,92"
318,Corvette,1964,1GD02ZCG8DF098510,Aquamarine,"€32560,72"
319,GranTurismo,2008,1GKS1AE0XER841352,Pink,"€33813,48"
320,Savana 3500,2004,1G6AK5S39F0454858,Yellow,"€38154,64"
321,Accent,2002,WAUCFAFR5CA502781,Crimson,"€17836,66"
322,S4,2000,1FTFW1E83AF815186,Aquamarine,"€18074,63"
323,F350,1999,WA1EY74L79D540294,Pink,"€29006,34"
324,Cougar,1985,1FTEX1CW2AK260894,Khaki,"€39926,75"
325,DeVille,1998,JHMZF1D67ES682413,Puce,"€22045,87"
326,Silverado,2002,4JGCB2FE6AA813422,Indigo,"€13626,82"
327,Grand Am,1987,4T3BK3BB1FU963822,Fuscia,"€30929,00"
328,X6,2013,JN1CV6FE0EM901392,Blue,"€29379,17"
329,3 Series,1997,JN1AV7AP6FM581812,Green,"€37979,93"
330,Gallardo,2006,WVWBB7AJ3DW990616,Purple,"€32585,48"
331,Q,2000,WA1CFAFP9CA522740,Aquamarine,"€16986,50"
332,Optima,2001,1D7RB1GT1AS287982,Green,"€16191,71"
333,SC,2003,KMHTC6AD7CU059693,Yellow,"€10987,42"
334,Cabriolet,1995,WA1DGBFE4ED823763,Aquamarine,"€35003,64"
335,Sienna,2000,5N1AN0NWXDN726939,Turquoise,"€17718,22"
336,Camaro,2011,WBALL5C52DE798046,Goldenrod,"€37141,53"
337,LTD,1984,1FTMF1EW0AF550944,Purple,"€35081,22"
338,Concorde,1995,1GYS3EEJ6DR188730,Indigo,"€37589,15"
339,Alero,1999,NM0KS9ANXAT740508,Khaki,"€24978,46"
340,RSX,2005,WA1VMAFE2BD563320,Blue,"€14317,88"
341,Sephia,1999,3VW507AT1FM904028,Orange,"€17660,74"
342,Civic Si,2005,JN1CV6AR2FM639385,Fuscia,"€26482,31"
343,Continental,1985,WBABS33413J715139,Khaki,"€22196,52"
344,GTI,2011,JM3KE2BE2D0129935,Red,"€19059,64"
345,XK Series,2004,3D4PG9FG5BT539788,Red,"€37650,95"
346,Sprinter 2500,2011,2G61R5S37D9192417,Puce,"€13453,47"
347,TL,1997,1FTEW1CF3FK479650,Indigo,"€25303,67"
348,Celica,1984,1D7RW3BK2BS730835,Goldenrod,"€32117,19"
349,Intrepid,1999,WVGEF9BPXFD766334,Yellow,"€16211,10"
350,Expedition EL,2007,WDCGG5GB1AF253786,Yellow,"€24257,11"
351,Suburban 2500,1999,JN1CV6EK7FM333506,Yellow,"€18334,29"
352,Electra,1990,1GYEK63N03R943994,Mauv,"€18788,98"
353,Daytona,1993,1G4PS5SK1F4879753,Crimson,"€34946,75"
354,Sidekick,1991,1G6DA8EY0B0932488,Goldenrod,"€14618,58"
355,T100 Xtra,1998,1GD11ZCG2CF326121,Fuscia,"€28992,34"
356,530,2007,WAUKD78P46A081754,Yellow,"€38547,38"
357,Torino,1970,WAUHF78P78A207161,Teal,"€12746,18"
358,Liberty,2011,1G6AR5SX7F0169025,Maroon,"€15118,11"
359,Grand Caravan,1996,WBA5M4C58FD058316,Pink,"€24350,88"
360,Tribeca,2008,1C4RDJEG8CC564165,Pink,"€24111,56"
361,Mirage,1985,WBA3R1C5XEK995220,Aquamarine,"€11999,13"
362,F150,1995,5FRYD4H43GB138485,Purple,"€19577,04"
363,New Beetle,2005,1GYS3SKJ8FR807799,Orange,"€29051,19"
364,Somerset,1986,1GYS3KEF7ER829248,Orange,"€28839,27"
365,Exige,2009,2T1BURHE8EC134186,Pink,"€30646,10"
366,E-Series,1963,JN1CV6AP3CM631967,Orange,"€38097,90"
367,Protege,1997,1G6DF5EG8A0568567,Goldenrod,"€15444,28"
368,Enclave,2012,WAUVKAFR8AA122304,Green,"€31793,91"
369,Silhouette,1994,3C4PDCBB5FT662803,Crimson,"€10894,74"
370,Blazer,1993,KM8JT3AB2DU554552,Puce,"€16294,35"
371,Aurora,1999,1FTEW1CM4CK891876,Indigo,"€32599,75"
372,3 Series,1992,1C4RJEAGXFC553999,Teal,"€20199,46"
373,Venza,2012,3GYVKNEF5AG305253,Blue,"€38881,54"
374,Silverado 1500,2006,WAUVT58E53A451110,Teal,"€11886,87"
375,Cougar,1992,WAUBG78E76A386848,Green,"€32597,81"
376,Armada,2008,1FTWW3B51AE720444,Puce,"€39562,42"
377,Park Avenue,1996,1G6AB5SX2F0179370,Indigo,"€25701,66"
378,Tahoe,2005,1G6KD57Y38U746388,Turquoise,"€38086,25"
379,Town Car,1991,1D7RB1GP7BS187857,Violet,"€27585,52"
380,Jetta,1987,1N6AD0CU2AC280783,Purple,"€23966,66"
381,Cutlass Supreme,1997,1GYS3FEJ7DR045601,Indigo,"€14079,11"
382,Cougar,1997,1GYUCBEF6AR457212,Yellow,"€18916,57"
383,3500 Club Coupe,1993,2CTALBEW7A6424678,Pink,"€19448,54"
384,Magnum,2008,WP0CB2A87FS566452,Goldenrod,"€35998,62"
385,X-Type,2008,5UXWX9C51F0177102,Aquamarine,"€17847,19"
386,Town Car,2005,3VW217AU9FM802839,Aquamarine,"€22380,26"
387,Grand Marquis,1985,WBALM5C51AE425878,Maroon,"€25812,99"
388,9-2X,2005,JN8AS5MT6BW582786,Yellow,"€10700,19"
389,Ram 1500,1996,19UUA65516A872357,Puce,"€33282,34"
390,I,1997,SCFAD01A36G819151,Teal,"€39202,84"
391,Sunfire,1995,WBAEV33482P074183,Crimson,"€13683,31"
392,Z8,2003,19UUA9F29AA985374,Indigo,"€28935,13"
393,DeVille,1996,WAULFAFR0BA348253,Red,"€37292,02"
394,Trans Sport,1995,3GYFK66N85G348300,Mauv,"€18647,01"
395,525,2004,5N1AN0NW3EN269926,Turquoise,"€22376,94"
396,Mustang,2012,WAUMFAFL6AA850392,Teal,"€24555,22"
397,Tracker,2000,2B3CK4CV7AH416261,Puce,"€28551,29"
398,Ram 1500,2000,WAUFFAFM5CA488138,Blue,"€21260,87"
399,599 GTB Fiorano,2008,WAUFEAFM6CA915538,Teal,"€22227,04"
400,Quest,2006,WAUFGAFCXEN189826,Mauv,"€32068,31"
401,CL-Class,2009,5N1AT2MK3EC177310,Aquamarine,"€16293,86"
402,CLS-Class,2010,WAUXU54B63N056279,Orange,"€30092,31"
403,Continental Mark VII,1990,JN1CV6EK2CM322182,Red,"€20971,92"
404,Viper,2005,2HNYB1H28AH252465,Fuscia,"€20808,06"
405,B-Series Plus,1996,1FT7W2A6XEE766899,Red,"€11048,84"
406,Cabriolet,1997,WBSBL93496P191848,Aquamarine,"€35505,09"
407,Dakota,1996,1G6KD57Y19U981311,Mauv,"€20393,88"
408,Range Rover,2007,5J6TF1H51DL134046,Violet,"€11698,77"
409,240SX,1994,2LMDJ6JK1FB032349,Fuscia,"€38498,97"
410,C-Class,2000,3D7TT2HT2AG793884,Turquoise,"€37446,44"
411,Silverado 1500,2007,WAUDL94F45N139986,Teal,"€12422,04"
412,F-Series,1996,WA1VGAFP7FA234208,Puce,"€24618,64"
413,Elantra,2008,2B3CM5CTXBH076913,Purple,"€34819,90"
414,745,2002,3C4PDCEG7CT086960,Turquoise,"€14157,58"
415,Acadia,2007,KMHCT4AE7FU798838,Aquamarine,"€26866,40"
416,Escort,1986,1G4GC5EG7AF697069,Red,"€34112,61"
417,Town Car,2004,WAUEH74F38N611982,Puce,"€36468,61"
418,Savana 3500,2011,1G4PR5SK7D4173797,Blue,"€16203,75"
419,Vision,1996,KNDMB5C10F6893113,Green,"€15544,27"
420,G-Class,2005,WBAPL33559A208846,Yellow,"€15246,44"
421,RX-8,2008,3LN6L2G9XFR497967,Aquamarine,"€11227,80"
422,6 Series,2005,1G6AM5SX5E0635645,Indigo,"€16761,79"
423,300E,1993,WAUSH94F77N285911,Pink,"€24790,51"
424,Aviator,2005,1GT020CGXEF327903,Maroon,"€29810,03"
425,Viper,2000,WA1CM94LX9D093958,Puce,"€39676,57"
426,xB,2005,WDDLJ7DB9CA529398,Violet,"€16836,04"
427,Ram Van B150,1992,WP0AB2A88CU628707,Teal,"€33354,47"
428,Firefly,1989,JN8AE2KP9C9049956,Red,"€21496,49"
429,Sonata,2010,3D7TT2CT2AG247187,Orange,"€10765,72"
430,Stealth,1996,WAUDFAFC1DN954656,Turquoise,"€25599,27"
431,Prizm,2002,WDDPK4HA8FF414958,Khaki,"€30609,67"
432,MX-5,2009,2HKRM3H31FH359526,Fuscia,"€13442,56"
433,Elise,2008,WA1WKAFP7BA425477,Purple,"€24519,92"
434,Cougar,1991,WBAPN7C55BF144219,Purple,"€32346,04"
435,S60,2004,WBA1F5C58FV572143,Red,"€31674,57"
436,Touareg,2009,1GKUCEEF8AR791916,Green,"€18920,21"
437,L-Series,2003,1FTEW1E83AK869378,Green,"€37925,41"
438,Boxster,1998,1GYS4DEF9DR030353,Turquoise,"€16610,85"
439,Sentra,2007,1N6BF0KXXFN257905,Pink,"€23385,79"
440,B-Series,1993,WBA1K5C59FV004611,Green,"€34665,34"
441,4Runner,2003,1GYEK63N16R265387,Blue,"€28668,32"
442,Alcyone SVX,1994,JN1BJ0HPXFM297662,Yellow,"€14019,69"
443,1000,1984,1G4GD5GR6CF736507,Pink,"€22623,85"
444,Century,1998,JHMFA3F22BS757067,Mauv,"€25890,37"
445,Chariot,1990,WAUMFAFR8FA074021,Orange,"€27740,64"
446,Mustang,1969,JTDKDTB3XF1781991,Khaki,"€16411,12"
447,GT500,1968,5UXFB33543L066498,Blue,"€20998,71"
448,RX-7,1983,3N1AB7AP5FL795323,Maroon,"€33406,27"
449,MX-3,1995,WAULT68E53A997533,Blue,"€36525,02"
450,RS 6,2003,WDDPK4HA5FF836735,Orange,"€16196,80"
451,Grand Marquis,2000,WBADT53411C829886,Blue,"€10676,14"
452,Viper,1996,5FRYD3H49FB631807,Indigo,"€32600,70"
453,Cayenne,2006,3C63D3GL7CG658263,Purple,"€30990,27"
454,Fleetwood,1954,WAUKD98P09A606650,Purple,"€32321,49"
455,XC90,2009,1G6AV5S85F0289667,Teal,"€20570,50"
456,A6,2007,3D73Y4CL9AG303137,Purple,"€31787,48"
457,Taurus,1994,1G6DG5E54D0907602,Turquoise,"€22388,89"
458,Viper,2003,SCBCU7ZA4BC754321,Puce,"€23355,36"
459,D350 Club,1993,KNAFU5A22B5487202,Pink,"€26686,70"
460,B-Series Plus,1992,WDDPK4HA4CF283751,Turquoise,"€16426,98"
461,Outlander,2006,JN1CV6EK8BM560214,Crimson,"€14741,80"
462,X5,2006,3GYFNJE3XDS212711,Purple,"€31461,63"
463,Crown Victoria,2006,1G6DV1EP3B0785697,Fuscia,"€10969,06"
464,Liberty,2008,WVGAV7AXXBW334607,Crimson,"€14725,87"
465,Justy,1991,5FRYD4H43EB962998,Green,"€15404,73"
466,Skyhawk,1985,WAUUL98E98A894421,Red,"€11651,67"
467,Topaz,1984,WAUHFAFL5EA160592,Fuscia,"€34055,38"
468,Esprit,2001,SCFEBBEL9DG560113,Khaki,"€26755,72"
469,350Z,2007,JTEBU5JR0F5418136,Aquamarine,"€29633,70"
470,Festiva,1993,TRUDD38J581840484,Fuscia,"€24618,22"
471,Vega,1971,5N1AN0NU5BC948280,Orange,"€14535,62"
472,GTO,1968,WAUUL68E15A946750,Khaki,"€13069,07"
473,RX-7,1983,JTDKN3DU2A0173125,Blue,"€25496,89"
474,Seville,1993,1G6DP5E38D0047377,Green,"€14403,99"
475,57,2007,2HNYD18203H333604,Maroon,"€13803,93"
476,Century,2004,2G4GX5GV6B9741749,Yellow,"€16741,28"
477,F150,1994,WDDEJ7EB5DA200027,Orange,"€23438,11"
478,Legacy,1999,19UUA65645A676520,Pink,"€16915,40"
479,MX-6,1992,5GADV33157D181643,Maroon,"€34378,93"
480,Boxster,2003,WA1LYAFE7AD510655,Crimson,"€34611,21"
481,Viper,1998,3VW467AT4CM388611,Violet,"€27990,69"
482,Cordia,1985,1C3CDFBB8ED012971,Teal,"€24410,38"
483,Blackwood,2002,1G4HD57266U046117,Khaki,"€25919,10"
484,Mazda3,2008,1GD312CGXDF012962,Yellow,"€31746,74"
485,Cavalier,2003,JTEBU5JR7F5892102,Teal,"€39213,43"
486,Phantom,2008,2G4WB55K421482471,Goldenrod,"€16249,29"
487,900,1997,3D4PG6FV6AT163601,Puce,"€17169,36"
488,Safari,1987,3D7JV1EP4AG612044,Purple,"€39208,29"
489,S-Class,2004,4F2CY0C73AK242785,Goldenrod,"€30420,10"
490,MKT,2013,2LMDJ6JKXCB952931,Puce,"€16958,90"
491,GTO,1965,WVGAV3AX4EW000814,Yellow,"€13475,54"
492,Express 2500,2002,3D7JV1EP1AG943891,Orange,"€27641,51"
493,Montero,2002,1FMEU8FE5AU938025,Puce,"€12162,64"
494,Ram Wagon B250,1992,1G4HE57Y88U314380,Fuscia,"€38121,42"
495,Torrent,2008,1G6KS54Y61U481532,Orange,"€23987,95"
496,Lanos,1999,3G5DA03E04S797202,Khaki,"€19217,83"
497,S40,2000,WVGAV7AX9AW700216,Goldenrod,"€16790,41"
498,Club Wagon,1997,1GYEC63N86R145888,Blue,"€25052,88"
499,Wrangler,1997,WBY2Z2C58EV428442,Green,"€24074,43"
500,G-Series G30,1995,KMHGH4JH5DU226175,Maroon,"€30614,73"
501,F430,2008,JM1CW2BL0C0350912,Mauv,"€19569,40"
502,Astro,2005,5YMGZ0C54D0623520,Maroon,"€39440,82"
503,DeVille,1994,3VWML7AJ3CM030844,Crimson,"€32015,72"
504,300M,2000,SCBBR9ZA9DC902846,Turquoise,"€20310,75"
505,62,2007,19UYA41623A049047,Maroon,"€38713,12"
506,Esprit,1993,WBA3N5C52EF381872,Green,"€17716,87"
507,LS,2002,WAUMFAFLXBN982842,Fuscia,"€33757,72"
508,LS,2012,3GYT4MEF7CG293198,Fuscia,"€30187,72"
509,Torrent,2007,3GYFK66N43G920699,Fuscia,"€36746,60"
510,GTO,1970,4T1BK3DB6CU699613,Pink,"€37929,33"
511,Routan,2012,WA1DKAFP0CA849205,Goldenrod,"€15326,12"
512,Range Rover Sport,2010,3VW4T7AT8EM940574,Puce,"€27164,87"
513,626,1987,3D73M3HL4BG939786,Violet,"€19952,50"
514,GTI,1999,WAUJC58E63A745842,Blue,"€31631,69"
515,B-Series,1996,5UXFG8C53BL772732,Blue,"€29055,59"
516,Prizm,1998,JTEBW3EH1A2853287,Pink,"€29401,04"
517,Caliber,2007,KMHEC4A43BA009161,Khaki,"€24330,87"
518,Continental Flying Spur,2012,WBAAZ33404K046123,Aquamarine,"€21092,01"
519,Azure,2010,ML32A3HJ8EH695313,Purple,"€22629,71"
520,Avalanche,2011,WBANE53517B460047,Khaki,"€16373,38"
521,A8,2010,3TMJU4GN8CM066217,Orange,"€39259,82"
522,Corvette,1964,WBAFZ9C54CC341719,Aquamarine,"€26589,66"
523,Genesis,2009,1G6AH5SXXD0499435,Pink,"€21378,81"
524,Cutlass,1998,WBA5M0C58ED087175,Violet,"€20409,40"
525,Vandura 1500,1992,2T1BU4EE8DC552401,Violet,"€36502,16"
526,62,2012,WBAYP5C53ED401851,Mauv,"€12045,17"
527,Sienna,2011,SCBLF44J19C527582,Orange,"€12142,03"
528,Murciélago,2006,JTHBW1GG1E1217752,Fuscia,"€31126,62"
529,Ram Van B250,1993,2G4GW5EV8B9565082,Red,"€30234,76"
530,Terraza,2006,5UXWX9C54DL570507,Goldenrod,"€15753,21"
531,Liberty,2003,1FTFW1E87AF581585,Orange,"€35881,31"
532,Voyager,1985,3GYFNDE33DS098567,Red,"€10907,18"
533,Town Car,2006,JTJYWRBZ1F2657062,Fuscia,"€21654,53"
534,E150,2011,1GKS1AKC3FR808323,Crimson,"€15175,85"
535,FF,2012,WA1CMAFE5DD179199,Teal,"€31522,93"
536,Boxster,2000,SCBZK22E21C952264,Turquoise,"€20314,02"
537,Lightning,1994,WA1DGAFE5BD842618,Teal,"€30503,42"
538,Concorde,1999,JN1CV6FEXFM297206,Purple,"€12164,03"
539,F450,2010,1D7RV1CT5AS619855,Blue,"€27607,33"
540,S80,1999,1D7RV1GP5BS028343,Aquamarine,"€20709,87"
541,SL-Class,1986,5FRYD4H47EB644091,Mauv,"€16517,65"
542,DBS,2009,1N6AA0CC6DN978533,Fuscia,"€12288,24"
543,Impala,2004,3VW8S7AT7FM390709,Mauv,"€10194,30"
544,Altima,2011,WUARL48HX8K599220,Goldenrod,"€35536,63"
545,Mystique,1998,2C3CCADT6CH205812,Yellow,"€36709,56"
546,DBS,2011,WBAEA53538C719046,Indigo,"€33046,43"
547,Odyssey,1998,TRUSX28NX21384033,Turquoise,"€25291,50"
548,Mountaineer,2007,WA1DGAFP3EA716538,Purple,"€20606,92"
549,Veloster,2013,WUAW2BFC7EN481895,Green,"€26642,83"
550,Sonoma,2004,1G4HP54K35U281942,Purple,"€37082,94"
551,3000GT,1996,3N1CN7AP0FL219168,Yellow,"€20699,76"
552,626,1997,WAUSH78E56A074962,Pink,"€12797,40"
553,Ram Wagon B150,1992,JH4CL96864C223300,Aquamarine,"€12037,08"
554,Navigator,2010,JN1AZ4EH1EM894996,Goldenrod,"€12942,36"
555,Ram,2010,3VWC17AU9FM295686,Red,"€15357,89"
556,Impulse,1992,WAUNF78P96A010928,Green,"€20004,97"
557,Civic,1990,JTHBB1BAXA2320560,Green,"€17112,79"
558,Grand Marquis,2011,1FTKR1AD0AP240659,Green,"€20688,83"
559,F250,2009,1N6AA0CH9FN659352,Fuscia,"€25132,96"
560,9-3,2011,KM8JT3AC4AU918457,Red,"€37972,68"
561,D150 Club,1993,1FT7W2A69EE143452,Aquamarine,"€38318,50"
562,Intrepid,1999,SCBFT7ZA8DC305999,Puce,"€16361,78"
563,Rally Wagon 1500,1993,5GAKVAKD2EJ966126,Pink,"€31791,14"
564,LaCrosse,2012,19UUA9F71EA561186,Crimson,"€19724,77"
565,Sonata,2005,JN1AZ4EH5DM125805,Teal,"€17497,02"
566,XLR-V,2009,JH4DC53834S139071,Maroon,"€35567,98"
567,Tracer,1992,WAUEFBFL6BN185403,Goldenrod,"€16946,61"
568,Sonata,1994,WBANB335X4B654066,Teal,"€20619,17"
569,Patriot,2010,WAUGL78E57A769805,Pink,"€39688,85"
570,GTO,1996,JM1DE1HY9B0870335,Violet,"€15770,62"
571,Vitara,2004,2G4WC532051038735,Violet,"€30975,58"
572,Sierra 1500,2008,JH4KA96591C065246,Yellow,"€16369,83"
573,F350,1995,KMHFC4DF9AA666580,Red,"€23074,92"
574,Caravan,1985,3C3CFFBR9DT047468,Fuscia,"€34643,29"
575,Accord,1986,1N6AA0CJ5DN115494,Fuscia,"€12912,20"
576,Sonoma Club Coupe,1996,1GYUCBEF0AR085365,Yellow,"€22195,63"
577,SL-Class,2009,1D4PT5GK3BW971006,Aquamarine,"€11264,56"
578,Ranger,2005,1N6AD0CW1EN346140,Mauv,"€21380,09"
579,Traverse,2011,1G4GB5GR9CF623060,Goldenrod,"€22992,07"
580,Neon,2002,SCFEBBAC1AG973354,Fuscia,"€24079,50"
581,Precis,1993,1FTFW1E85AF519425,Aquamarine,"€32928,18"
582,D250,1993,19UUA75697A004011,Blue,"€26401,47"
583,Expedition,2004,2B3CA3CV8AH041400,Crimson,"€29485,39"
584,LS,2003,2T1BU4EE0DC752589,Purple,"€33080,17"
585,Escort ZX2,2003,JN1CV6FE5EM734012,Orange,"€16410,47"
586,Discovery Series II,2001,2T1BURHE9EC259780,Khaki,"€39908,61"
587,Alcyone SVX,1994,1G6DL1ED5B0182293,Violet,"€10827,02"
588,MX-5,2005,1GYFK33219R068412,Khaki,"€11844,03"
589,Celica,1999,WUADU78E68N187941,Aquamarine,"€14216,91"
590,B-Series,1993,WVWAA7AJ1CW567451,Puce,"€34178,81"
591,Contour,1995,SALAB2D44DA252110,Yellow,"€21761,66"
592,Sentra,1991,JH4KA96592C625946,Mauv,"€35999,92"
593,Continental Mark VII,1986,WBAGN83453D293174,Pink,"€36919,06"
594,Wrangler,1994,5GADV33W17D006480,Violet,"€15323,14"
595,LS,2007,JM1NC2PF5F0058441,Indigo,"€26000,09"
596,Escalade,2009,1G6AH5R38F0400875,Red,"€13948,67"
597,900,1997,5N1AA0NE7EN786780,Fuscia,"€12175,27"
598,Fiero,1985,SAJWA4GC0EM118369,Green,"€25285,55"
599,SX4,2012,WAU3FAFR6CA007344,Green,"€32141,72"
600,ZDX,2010,WBAFR7C50CC249706,Green,"€21995,97"
601,V40,2002,2HNYD18665H589350,Pink,"€23507,30"
602,M,2008,4T1BF3EK5BU665504,Mauv,"€36602,45"
603,Panamera,2013,WA1WGBFP4EA362768,Purple,"€21548,36"
604,Cavalier,2002,3C3CFFBR3CT679011,Red,"€19506,41"
605,Clubman,2012,WBAPM5G55BN411303,Maroon,"€21311,01"
606,SL-Class,1992,WAULFAFR0EA769880,Purple,"€10891,72"
607,Yukon XL 1500,2012,WAUFMBFC3EN210482,Red,"€38658,21"
608,SRX,2004,1FM5K7B89EG541552,Mauv,"€36380,75"
609,Swift,1993,5XXGM4A72FG462752,Mauv,"€19616,73"
610,Millenia,2002,WAULD64B03N152381,Puce,"€17083,66"
611,Corvette,2000,3VWML7AJ6BM302737,Indigo,"€30610,56"
612,Wrangler,2011,1GYS4AKJ1FR763121,Purple,"€34581,79"
613,Venture,2003,WDDEJ7EB2DA754481,Indigo,"€31366,88"
614,R8,2010,WBAPM5C53BE445097,Maroon,"€29732,25"
615,Scoupe,1992,5FRYD4H63GB493853,Purple,"€17649,45"
616,Golf,1988,JN1BJ0HR0EM431367,Pink,"€36254,71"
617,Monaco,1992,3N1BC1AP7AL753436,Blue,"€11267,46"
618,GLC,1984,JTEBU5JR6B5221322,Aquamarine,"€12020,68"
619,Taurus,1997,WBA3V5C57F5367585,Purple,"€25340,16"
620,XJ Series,1999,2B3CK8CT0AH963409,Pink,"€36996,87"
621,M-Class,2008,2C3CDXCT7FH662540,Fuscia,"€33628,16"
622,Golf,1988,JM3TB2BA9D0028031,Turquoise,"€12279,78"
623,4Runner,2001,1G4GE5GD8BF265833,Yellow,"€33055,70"
624,Intrepid,2001,WVGAV7AX1CW654321,Maroon,"€24674,68"
625,Outlander Sport,2011,WBAEP33423P945185,Blue,"€21621,41"
626,Chariot,1989,WAUJGAFD9FN333757,Orange,"€25968,98"
627,Monte Carlo,1973,WA1CFAFP6FA097269,Aquamarine,"€32482,24"
628,Vigor,1992,2T1BURHE1EC474151,Maroon,"€11715,83"
629,928,1990,WAU3FAFR8BA440789,Blue,"€17417,85"
630,Protege,1999,JTHBB1BAXA2655513,Maroon,"€24914,66"
631,57,2010,1G6DL67A890909503,Orange,"€36303,69"
632,ES,2002,1D7RW2GK8AS917370,Khaki,"€37876,66"
633,Bonneville,1995,1G4HA5EM1AU169877,Khaki,"€12422,80"
634,Vision,1997,WBAUN7C56DV177533,Purple,"€34978,38"
635,300ZX,1992,1G6DJ1ED9B0148976,Maroon,"€29302,78"
636,Esteem,2001,JTHBK1EG5C2206288,Red,"€31924,56"
637,TrailBlazer,2007,WAUKH98EX6A462961,Red,"€10190,06"
638,Esteem,1998,WBAVB73557F111521,Khaki,"€33758,15"
639,Element,2005,WP0CA2A88FK083717,Indigo,"€11647,54"
640,Skyhawk,1985,JTDKDTB3XE1316965,Aquamarine,"€17298,56"
641,Rogue,2010,WDDEJ7KBXDA075241,Puce,"€11566,50"
642,Silverado 3500,2012,JN1BJ0HR9EM604402,Mauv,"€24798,12"
643,Verona,2006,1G6AH5SX1D0490204,Yellow,"€25056,63"
644,RSX,2003,19XFA1E3XAE453907,Purple,"€11066,12"
645,Voyager,2001,WAUGN74F27N314136,Pink,"€13539,93"
646,Esteem,1997,1G6YV36A875777032,Yellow,"€34544,83"
647,Savana 2500,1997,19UUA86279A047136,Aquamarine,"€13544,66"
648,Tempo,1986,WBAYE8C50FD832074,Turquoise,"€21672,86"
649,Grand Caravan,2007,3VW517AT6FM158852,Blue,"€24428,79"
650,SL-Class,1987,5GADS13S572526445,Red,"€19318,65"
651,Murciélago,2002,WUADUAFG6EN993484,Puce,"€12815,98"
652,DBS,2009,5YMGY0C58DL504208,Blue,"€14520,83"
653,Cherokee,1996,4T1BD1EB7FU550130,Goldenrod,"€37902,27"
654,MKX,2010,3C4PDCGB4FT781628,Purple,"€27018,15"
655,Grand Am,1998,KNADH4A31A6308784,Pink,"€15305,14"
656,Avalon,2003,WBAEJ134X1A230239,Red,"€11085,20"
657,Daytona,1993,5TFBW5F12CX644423,Puce,"€13838,09"
658,EXP,1984,JTJBARBZ8F2786291,Indigo,"€32800,02"
659,Econoline E350,2001,KNDJT2A27D7608358,Indigo,"€16883,96"
660,Grand Cherokee,2004,WAUVC68E23A380146,Indigo,"€12304,46"
661,GS,1994,WBADS33491G366685,Maroon,"€18743,82"
662,57,2006,1FT7W2A66EE186954,Fuscia,"€39786,64"
663,Yaris,2008,4T1BB3EKXAU033284,Indigo,"€38296,45"
664,200SX,1997,WBAYE8C5XED648923,Orange,"€32018,55"
665,Justy,1994,5N1BA0NC2FN318475,Crimson,"€39102,82"
666,del Sol,1997,1G6KE54Y01U716689,Teal,"€27228,89"
667,Neon,2004,JN8AF5MV2FT877199,Crimson,"€25428,53"
668,Clubman,2010,3GYT4MEF2BG103015,Violet,"€20913,66"
669,Sable,1996,KMHFG4JG2EA698553,Teal,"€34817,18"
670,XLR,2007,1G6AD5SX1D0984249,Indigo,"€39771,96"
671,F-Series,2007,1G4GG5E37DF569727,Turquoise,"€28406,36"
672,XK,2009,1C3CC5FB8AN311257,Goldenrod,"€25536,57"
673,Camry Hybrid,2011,3VW467AT4DM543918,Yellow,"€21136,51"
674,E150,2010,JN8AZ2KR3AT067200,Khaki,"€36207,58"
675,Camry Hybrid,2007,WAUWFAFHXEN377146,Khaki,"€21479,62"
676,Xtra,1992,4T1BD1FK2DU995161,Violet,"€37565,88"
677,Safari,1994,1N6AD0CU9AC078524,Violet,"€18762,32"
678,Express 3500,1999,1C6RD7HT0CS930953,Violet,"€37138,16"
679,M-Class,1998,WBAVM5C57FV745125,Yellow,"€17597,74"
680,SLX,1998,WAUAF98E06A020465,Teal,"€27445,66"
681,Corvette,1995,WAUDV74F67N484549,Green,"€32752,31"
682,Sprinter 2500,2011,3N1BC1AP0AL665179,Aquamarine,"€27679,30"
683,Crown Victoria,1998,WBA3D3C52FK314902,Blue,"€20331,72"
684,Grand Caravan,2001,WBA3B9C58DJ865444,Pink,"€22157,93"
685,Seville,1999,1N4AB7AP1DN694523,Yellow,"€13153,55"
686,E-Series,1987,SCBLE37G26C551074,Maroon,"€19593,75"
687,Expedition,2010,WAUEFAFL7DA961980,Yellow,"€26110,76"
688,R-Class,2012,3D73Y4EL9AG562952,Teal,"€29564,11"
689,Cooper,2006,1G6AR5SX0F0699871,Fuscia,"€35214,02"
690,Optima,2001,2C3CCAAG2CH359702,Aquamarine,"€16232,46"
691,Freestyle,2007,1GD11ZCG1CF599986,Indigo,"€34400,00"
692,Envoy,2007,JTEBU5JR1B5881431,Orange,"€37510,36"
693,Stylus,1993,19XFB4F28EE624650,Yellow,"€37891,83"
694,Civic,2002,3D73Y4EL9BG928457,Crimson,"€25367,36"
695,Express 3500,1999,JM3TB2CV3F0275324,Puce,"€17016,18"
696,MKX,2010,1FTSW3A53AE147112,Green,"€26591,19"
697,Integra,1999,WP0CA2A86FK085837,Maroon,"€32505,60"
698,S10,2002,2C3CDZAT7FH216127,Khaki,"€23959,55"
699,Yaris,2008,3D73Y4EL9BG277041,Teal,"€19766,02"
700,Sonoma,2001,WAUPFAFM8CA637243,Red,"€39266,75"
701,DBS,2008,3N1CN7AP3FL994743,Blue,"€32539,15"
702,Corvette,2003,SCFAB05D79G021847,Khaki,"€20139,64"
703,SX4,2008,2C4RDGBG0ER933280,Puce,"€20560,86"
704,Corvette,1989,WVGAV3AX8EW600865,Khaki,"€35094,58"
705,RSX,2004,1FTEW1CW5AF442827,Fuscia,"€36033,79"
706,Town Car,2007,WBA6B8C51FD290239,Yellow,"€30080,72"
707,Thunderbird,1977,WA1AY74LX7D843548,Khaki,"€12999,07"
708,Escape,2000,4A4AP3AU8FE375819,Blue,"€36931,26"
709,Suburban 2500,1995,WBAYA6C53DD204815,Red,"€36122,64"
710,Diablo,1993,1G6AE5S33D0235530,Red,"€31989,84"
711,Jetta,1994,JN8AZ2KR0CT547746,Purple,"€13820,81"
712,Rio,2004,WBA4A7C51FD413283,Indigo,"€36000,95"
713,3500,1997,3D7JV1EP1BG599965,Purple,"€18273,47"
714,Dakota Club,1994,WBAAV33481E883580,Turquoise,"€12254,02"
715,Escalade EXT,2010,WAUKG58E25A694142,Puce,"€13815,29"
716,SLK-Class,2007,3VWML7AJ6CM951777,Violet,"€38498,47"
717,Mustang,2005,JTDZN3EU3D3992757,Puce,"€37869,77"
718,5000CS,1988,WVGDF9BP9ED777139,Crimson,"€23677,47"
719,Grand Caravan,2012,1GD312CG5DF314854,Blue,"€38659,65"
720,Continental,2010,5TDDK3DC6FS527709,Khaki,"€32595,84"
721,3500 Club Coupe,1992,WBAPM7C5XAE899485,Indigo,"€19249,89"
722,760,2003,WBSWL93529P211114,Mauv,"€11087,30"
723,Rendezvous,2003,5TDBW5G12ES219548,Goldenrod,"€39387,94"
724,M3,2006,WAUDF98E38A021383,Maroon,"€19899,93"
725,Uplander,2005,2G4GY5GV7B9150651,Green,"€13462,56"
726,Bronco II,1985,1ZVBP8JZ0D5198486,Puce,"€12408,99"
727,Passat,1998,WBABV134X5J157449,Green,"€17922,24"
728,300TE,1992,SCBLF34FX3C997106,Goldenrod,"€16426,67"
729,Ram 3500,2008,WA1LMAFE7FD842842,Violet,"€10827,31"
730,Elantra,2011,1C3BC7EG2BN979805,Green,"€22226,93"
731,Lancer,2010,1G4GJ5G31DF096325,Teal,"€38507,67"
732,4Runner,2011,1G6DL5EV7A0190264,Red,"€11063,79"
733,Tribeca,2010,1G6KF54902U253735,Mauv,"€27704,70"
734,Accord Crosstour,2010,W04GV5EV3B1911867,Purple,"€31455,90"
735,Thunderbird,1955,5N1AA0NE9FN636185,Aquamarine,"€29851,93"
736,Caprice Classic,1994,1GKS1EEF7BR426965,Red,"€22201,92"
737,Arnage,2009,1G6DL8ED0B0062121,Mauv,"€34959,96"
738,900,1996,1FTWX3D53AE775715,Red,"€27800,98"
739,XC90,2003,1N4AL2AP6BN769374,Puce,"€20218,23"
740,Astro,2003,3GTU2YEJXDG239181,Goldenrod,"€18253,78"
741,MX-5,1998,JN8AZ1MU0EW099330,Red,"€27986,07"
742,XC90,2008,3GYT4LEF1BG160820,Indigo,"€18954,53"
743,Protege,2003,4JGBF2FE1BA024922,Aquamarine,"€25855,47"
744,Envoy,1998,WA1LKBFP0AA769479,Turquoise,"€10490,11"
745,Fairlane,1966,3D73Y3CL1BG146294,Khaki,"€13915,62"
746,500,2012,1GYS3BEF9DR787521,Turquoise,"€34420,92"
747,Tacoma Xtra,2004,JN8AZ1FY9CW822914,Maroon,"€13431,56"
748,968,1994,1G4GE5G3XEF204513,Aquamarine,"€28629,86"
749,7 Series,2005,3D73Y4EL6BG747445,Blue,"€30058,33"
750,Matrix,2012,1GYS4NKJ3FR871957,Fuscia,"€16766,34"
751,RSX,2006,3VWC17AU8FM773404,Fuscia,"€13858,20"
752,Sable,1992,WAUDT74F95N360505,Yellow,"€34912,84"
753,XJ Series,1997,1GYFK66808R998754,Puce,"€29500,02"
754,Express 2500,2006,WAUTFAFH3CN516338,Red,"€19467,02"
755,Mirage,1992,1GYS4CKJ3FR271833,Khaki,"€24578,91"
756,CX-7,2008,1FBNE3BLXDD974262,Puce,"€12050,89"
757,Alpina B7,2007,3D73Y4EL3BG590604,Crimson,"€13551,60"
758,Galaxie,1966,JH4CL96864C439194,Blue,"€24676,81"
759,Montero,1999,19VDE3F33EE615221,Green,"€25920,49"
760,626,1994,WBAEK73444B719380,Violet,"€17489,27"
761,944,1983,4T1BF1FK9CU848702,Blue,"€29075,82"
762,Breeze,1996,3VWML7AJ2BM612948,Khaki,"€30492,03"
763,Aztek,2002,JHMZF1D44FS421367,Red,"€33767,39"
764,Spectra,2006,3C6JD6DT3CG574132,Purple,"€11866,96"
765,Capri,1986,SAJWA4HA6EM516876,Red,"€36386,16"
766,Avalon,1996,WBA3A5C54EP658236,Orange,"€26817,76"
767,Vitara,2001,1C6RD6MTXCS871524,Red,"€33650,37"
768,Daewoo Magnus,2005,WP1AA2A29BL996327,Red,"€33900,23"
769,Range Rover,2004,KMHFC4DDXBA608509,Yellow,"€25804,35"
770,Bronco,1993,ZHWGU5BR3EL728646,Blue,"€38095,39"
771,2500 Club Coupe,1996,2C3CDXJGXDH846910,Aquamarine,"€24194,64"
772,A8,2012,WBA3A5G57FN453002,Yellow,"€13985,87"
773,Sentra,2011,WBADT334X1G691195,Fuscia,"€29405,87"
774,Cherokee,1999,2GKALMEK5E6149438,Teal,"€36355,47"
775,3 Series,1993,2HNYD2H22AH062774,Teal,"€24923,53"
776,626,1985,1G4HH5E98AU478110,Crimson,"€15508,42"
777,Prizm,1996,1N6AF0LX4FN911534,Fuscia,"€25802,85"
778,Murciélago LP640,2008,1FMCU0E72AK908214,Green,"€14399,44"
779,S-Class,2005,KMHD35LH4FU785997,Violet,"€38559,12"
780,Town Car,1989,WAUHF78PX8A920605,Purple,"€16034,29"
781,Yaris,2008,2C3CA4CG7BH692433,Khaki,"€25404,92"
782,Sedona,2008,JN8AZ2KR7AT063246,Aquamarine,"€38304,34"
783,Monterey,2005,SALAK2V60FA461265,Mauv,"€29511,89"
784,Escalade ESV,2006,1G6AZ5S36E0693598,Aquamarine,"€32403,20"
785,X-Type,2007,2C4RDGCG7FR325837,Violet,"€12478,01"
786,Ram 2500,2010,1N6BF0KM1FN592492,Blue,"€14693,03"
787,Eclipse,2009,1FTSX2B52AE023032,Turquoise,"€35114,80"
788,Z4 M,2009,1FMCU0C77BK832610,Indigo,"€21506,07"
789,Skyhawk,1984,1YVHZ8BH9B5942381,Teal,"€38505,50"
790,Daewoo Kalos,2006,WDCYC3HF4DX685728,Violet,"€22027,26"
791,Venza,2012,JM3KE2BE9F0047770,Teal,"€10147,31"
792,Grand Prix,1992,WBAKC6C57AC898541,Green,"€21493,45"
793,Sentra,1997,19XFA1E86AE340211,Fuscia,"€32907,71"
794,Tahoe,2000,2G4WD552X71774885,Pink,"€10047,88"
795,Firebird,1989,WBA3D3C56EF696049,Orange,"€11840,55"
796,Sonoma,1999,5GAKRBED3BJ910603,Fuscia,"€29230,47"
797,Cooper,2007,2C3CCAAG1DH450820,Teal,"€39884,85"
798,M,2011,SCBLF34FX5C780982,Turquoise,"€21390,77"
799,Panamera,2011,3C63D3CL8CG457770,Aquamarine,"€13292,23"
800,XC70,2007,WP0AB2A89FK365224,Blue,"€34057,38"
801,Cougar,1990,WAUBF78EX7A346204,Mauv,"€38256,61"
802,Corolla,2007,WBAEW53432P212057,Crimson,"€18553,99"
803,911,2009,JM1GJ1T59E1668793,Indigo,"€18004,21"
804,A6,1997,1N6AD0CU7AC189542,Turquoise,"€11003,76"
805,Interceptor,1966,1G6AA1RX9F0842791,Red,"€37378,26"
806,Pajero,2005,WA1UFAFL8DA998674,Mauv,"€26749,89"
807,Corvair,1960,WP0CA2A8XES208439,Violet,"€17746,54"
808,DB9,2010,1FTWX3A52AE006692,Goldenrod,"€38034,03"
809,Suburban 1500,1998,WAUVC68E22A005081,Puce,"€12706,55"
810,Sephia,2001,WBAUL7C59AV708418,Crimson,"€27247,64"
811,Sonata,1995,1G4HF57919U407135,Teal,"€37990,94"
812,Rio,2001,1G6AA5RX5F0102601,Khaki,"€27942,99"
813,S-Class,2007,1N4AL2AP1CN310710,Mauv,"€22372,47"
814,Ram 3500 Club,1995,W04GW5EV3B1082313,Indigo,"€22848,62"
815,430,1991,1VWAP7A32EC248206,Crimson,"€34095,71"
816,Grand Marquis,1997,3VW4S7AT6EM121131,Purple,"€32392,62"
817,Eldorado,1996,WA1DKAFP3BA433440,Pink,"€21482,82"
818,F250,1993,WAUEG78E16A978419,Maroon,"€29849,79"
819,FJ Cruiser,2011,1N6AD0CW1FN553564,Mauv,"€10070,30"
820,iQ,2012,1GTPCTEX8AZ506752,Violet,"€32680,83"
821,Camry,2005,19UUA66258A663033,Aquamarine,"€29322,83"
822,Galant,2011,WBAPH7C50BE494824,Aquamarine,"€13493,60"
823,Passat,1985,JN1BJ0HP0EM942267,Violet,"€21234,00"
824,8 Series,1993,KMHHT6KD5AU155114,Pink,"€39947,59"
825,57,2009,3C4PDDGG1ET837122,Khaki,"€32141,07"
826,MX-5,1991,1FMJK1H57CE223396,Fuscia,"€27639,59"
827,9-5,2009,JH4CW2H66EC874759,Mauv,"€33907,88"
828,Celica,1982,1N6AD0CU4CN469183,Aquamarine,"€27877,82"
829,Ram Van 3500,1998,1C4RDHEG4CC345051,Puce,"€12643,87"
830,LS,1997,WBAUT9C58AA012975,Khaki,"€39374,18"
831,Monte Carlo,2006,JA32X2HU9CU146030,Crimson,"€20665,76"
832,Rendezvous,2007,1G4PR5SK3C4844462,Mauv,"€28750,35"
833,TL,2010,WP0AA2A96AS680096,Orange,"€38923,10"
834,MPV,2004,5N1BA0NE7FN157784,Teal,"€23732,82"
835,STS,2005,1FMJK1J55AE196237,Goldenrod,"€15256,54"
836,Defender,1995,1C3CDZAB0EN493215,Puce,"€23079,93"
837,Sequoia,2002,3D73Y4HL1BG458386,Red,"€24795,29"
838,Frontier,2006,1N6AA0ED1FN766373,Orange,"€37368,51"
839,Cooper Clubman,2011,JN8AS5MT5FW938957,Maroon,"€27939,91"
840,Milan,2011,WAUVT68EX5A588004,Violet,"€21405,69"
841,Discovery,1999,JTDKN3DU2B0388344,Pink,"€29613,85"
842,Rabbit,2010,WBAKN9C53FD333183,Violet,"€10255,87"
843,Vibe,2008,TRUWX28N211962108,Puce,"€36241,36"
844,323,1993,WAUGGBFC0DN054492,Crimson,"€29971,14"
845,Exige,2006,WBANW1C52AC796877,Aquamarine,"€20731,53"
846,Grand Voyager,1993,WAULD64BX2N096254,Purple,"€25563,87"
847,New Yorker,1992,5N1AT2MK7FC343183,Violet,"€16694,85"
848,Familia,1986,WBA3G7C57EK364224,Khaki,"€28969,01"
849,DBS,2012,19UUB2F52FA330608,Violet,"€19947,19"
850,Leganza,2000,2C4RDGBG3ER991464,Orange,"€37865,89"
851,CR-V,2000,KMHTC6AD8CU446463,Khaki,"€23849,20"
852,Laser,1988,1C4RDHEG6CC707624,Red,"€18224,68"
853,Grand Am,1985,1G6DS1E34C0821906,Teal,"€27994,34"
854,Electra,1990,WBAYF8C55ED372566,Violet,"€32823,06"
855,Relay,2005,WAUTFAFH9DN400806,Green,"€18291,57"
856,Laser,1990,WAULC58E65A111894,Fuscia,"€25418,01"
857,Eclipse,1991,3VW8S7AT4FM931456,Aquamarine,"€12935,06"
858,Savana,2012,1N4AL2AP8CC751682,Green,"€18599,81"
859,Soul,2010,WVWED7AJ6CW771378,Aquamarine,"€11353,71"
860,Sprinter,2010,WAUFFBFL7DN684816,Yellow,"€39632,72"
861,Ascender,2006,5XYKT3A10DG367621,Green,"€36915,31"
862,E-Series,2011,JTHBK1GG0F2638112,Purple,"€14585,02"
863,Eldorado,2002,WP0CA2A80CS305081,Puce,"€34992,02"
864,TundraMax,2010,SCFEBBAK3EG637895,Turquoise,"€27654,30"
865,7 Series,2001,WAUML54D51N865552,Goldenrod,"€20398,28"
866,Wrangler,1999,WBAKG7C53DJ157281,Purple,"€33402,86"
867,S4,2007,2B3CA2CV2AH441768,Fuscia,"€32054,10"
868,Grand Prix,1996,WBASP4C5XBC601286,Goldenrod,"€33686,02"
869,Grand Prix,1987,WBA3B9C55DF795386,Turquoise,"€10138,11"
870,Corolla,2008,3FA6P0LU9ER331998,Red,"€30444,41"
871,Lancer Evolution,2004,WAUJC68E33A690627,Puce,"€32239,12"
872,Concorde,1998,WA1VMBFE2AD467031,Blue,"€30591,05"
873,Type 2,1991,1FTEX1EW2AK906996,Blue,"€27044,44"
874,Tucson,2006,3D7JB1EKXBG312474,Blue,"€37045,61"
875,Talon,1996,5UXWX7C5XF0065368,Fuscia,"€37949,34"
876,Century,2004,WAUJFAFH0EN176706,Green,"€23623,10"
877,VS Commodore,1996,SALGR2VF5FA916889,Fuscia,"€22956,53"
878,Continental Mark VII,1992,1GKS2FEJ1DR036079,Mauv,"€27624,21"
879,Eclipse,2007,5FRYD4H43FB931137,Orange,"€31697,89"
880,SRX,2009,KMHTC6AD1DU434818,Crimson,"€14874,72"
881,Xterra,2000,WUAAU34258N100232,Yellow,"€13922,03"
882,SC,1997,WBASN4C53BC730637,Orange,"€33271,49"
883,Sunbird,1994,5FPYK1F2XAB668149,Purple,"€17758,27"
884,Neon,1997,1FTEW1CM9DF451873,Pink,"€11298,06"
885,745,2003,1N4AL3AP1EC935001,Crimson,"€35270,27"
886,Town Car,1984,WBAUN7C53DV751974,Red,"€22963,38"
887,Range Rover,2003,1N6AA0CC0BN638856,Green,"€15266,96"
888,Town Car,1984,JA32U1FU6AU771374,Puce,"€36456,62"
889,I,1999,WBA3B1G56EN016564,Red,"€16274,64"
890,New Yorker,1996,1GYS3CEF7CR964474,Maroon,"€38456,66"
891,XL7,2009,JN8AZ1FY0CW746158,Fuscia,"€35168,57"
892,Savana 3500,1998,1GD02ZCG3BF178147,Puce,"€34130,91"
893,F150,1999,SAJWA4DC7AM422801,Aquamarine,"€25814,87"
894,Expedition EL,2007,JTHSE5BC4F5838671,Yellow,"€13674,82"
895,XT,1986,WVGEF9BP2ED339454,Teal,"€14451,31"
896,Fiero,1985,5NPDH4AE1BH297135,Puce,"€31628,71"
897,Tacoma,1998,1D7RV1GT5BS800286,Mauv,"€35109,49"
898,Altima,2013,1GYFK23239R442903,Mauv,"€10318,04"
899,Fiero,1985,3N1AB7AP7FL519841,Teal,"€13834,51"
900,Achieva,1997,3D7TT2CTXBG868498,Turquoise,"€15025,90"
901,Camry,1997,JHMGE8G36DC942829,Teal,"€18307,68"
902,Sephia,1997,2T2BK1BA0DC583918,Violet,"€28340,53"
903,Challenger,2004,JHMZE2H35DS448990,Violet,"€36389,89"
904,Cherokee,1996,2D4RN5D14AR432013,Turquoise,"€16494,57"
905,Relay,2006,5TFBY5F17DX476175,Maroon,"€30109,59"
906,LS,2004,JTMHY7AJ6A4726855,Crimson,"€19491,78"
907,626,1993,2T3BFREV3DW519173,Orange,"€32622,61"
908,Corvette,1985,WAUAT48HX5K089386,Goldenrod,"€12944,66"
909,Econoline E250,2001,1LNHL9EK2FG261960,Crimson,"€34321,00"
910,Freelander,2002,1FTWW3B54AE845535,Mauv,"€23865,56"
911,A6,2001,WBA3C1G54EN796562,Orange,"€29652,58"
912,Eclipse,1999,WBANU5C55AC012026,Turquoise,"€11536,19"
913,Mini Cooper,1961,3D7TP2CT2AG913985,Blue,"€38296,98"
914,Armada,2010,WBANE73576B840357,Green,"€29702,53"
915,Type 2,1985,WA1AV94L27D399859,Pink,"€30668,76"
916,Murciélago,2007,WBAPL5G58BN059482,Turquoise,"€32311,40"
917,MX-6,1997,JTDKN3DU1F0306755,Purple,"€36980,99"
918,Escort,2001,WUARL48HX8K064761,Blue,"€16296,12"
919,Express 2500,2003,1FMEU7FE9AU065941,Orange,"€28539,98"
920,Tiguan,2010,WBAEU334X5P903312,Indigo,"€16597,56"
921,MX-5,2000,WBSBL93412J478453,Khaki,"€33607,71"
922,XC70,2004,WBALM5C56BE069316,Khaki,"€18477,60"
923,Econoline E350,2000,JN8AZ2NCXC9187048,Puce,"€18454,61"
924,XT,1990,1G6DJ1E3XC0065324,Mauv,"€23261,05"
925,Venture,2000,1N4AL2AP3AC845448,Fuscia,"€26700,53"
926,9000,1998,JA32X8HWXEU973381,Turquoise,"€37856,06"
927,S-Type,2007,1C3BC5ED1AN942284,Orange,"€36927,98"
928,330,2006,1G6DS8ED1B0981872,Khaki,"€39268,33"
929,Touareg,2008,SCBLF34F82C806183,Violet,"€22858,74"
930,Rio,2013,1G6DA5EY8B0405569,Blue,"€29516,03"
931,Ram 2500,1996,WAUDK78T18A797686,Blue,"€29637,67"
932,Borrego,2009,1FTEW1CM2CK605880,Goldenrod,"€33820,29"
933,Montero Sport,2001,WAUBFAFL7BN854744,Turquoise,"€12010,57"
934,Focus,2005,3C3CFFFH9ET936810,Blue,"€15410,43"
935,F150,1995,YV1612FS3E1963563,Violet,"€17819,82"
936,Grand Prix,1985,WA1CGAFE6CD852197,Khaki,"€38119,99"
937,Avalon,1997,WBA3B5G54DN192860,Goldenrod,"€10094,07"
938,Range Rover,1988,WAUHGAFC9EN514166,Aquamarine,"€39537,84"
939,TT,2004,1G6KD57Y88U572639,Crimson,"€37749,19"
940,Sportage,2000,5GAKVCED2BJ219967,Violet,"€31808,43"
941,Spectra,2000,KL4CJDSB0EB844402,Red,"€31324,52"
942,Ram 2500,2008,SALAB2D48DA596474,Aquamarine,"€28536,17"
943,Transit Connect,2011,JN1CV6AP9BM102926,Mauv,"€23690,12"
944,Escalade,2003,JN8AS5MT7CW707733,Maroon,"€11633,22"
945,F250,1993,1C3CC5FB8AN019785,Purple,"€38862,72"
946,Pajero,2000,WAUJC58E83A755062,Pink,"€21415,33"
947,E-Class,1989,1GKS1EEF8DR701505,Fuscia,"€18397,78"
948,LR2,2008,2FMGK5D89FB177121,Yellow,"€12557,86"
949,V40,2001,2C4RDGCG9CR417396,Blue,"€35595,08"
950,F350,2010,WUAYU48H28K427059,Khaki,"€12822,83"
951,Virage,2011,JHMZF1D40ES449083,Yellow,"€35285,16"
952,RX Hybrid,2012,1G6AJ5SX7E0978384,Turquoise,"€37806,24"
953,V70,2009,2C3CDXCT6FH223409,Puce,"€17723,30"
954,Savana 1500,2000,WBADT63492C422521,Maroon,"€30230,38"
955,Bronco,1988,19XFB4F38EE670231,Khaki,"€14412,36"
956,Protege,1995,1D7RE5GK0AS539582,Turquoise,"€14993,53"
957,Prizm,2001,SCFAD22373K923386,Yellow,"€21293,76"
958,Blazer,2002,JH4KC1F95EC870603,Violet,"€18187,97"
959,Classic,1963,WDDPK4HA7EF006210,Crimson,"€30171,26"
960,Impala,2008,WAUKF98E75A221136,Yellow,"€22982,05"
961,Sunfire,1996,3GYEK63N22G642397,Aquamarine,"€20746,09"
962,Impala,2008,WAUHE78P59A181552,Violet,"€15121,82"
963,LS Hybrid,2011,WAUEG98E06A541460,Puce,"€10817,33"
964,968,1993,WBALW7C50CC599655,Mauv,"€31361,56"
965,GL-Class,2010,WBALW3C57DC470662,Blue,"€37850,83"
966,Camry,2009,5N1AZ2MHXFN983198,Teal,"€11400,13"
967,C-Class,2002,WBASP0C54DC982550,Purple,"€22487,49"
968,Raider,2009,WBA3N7C50FK976756,Purple,"€27442,95"
969,Q,2006,WAUEG74F36N677951,Aquamarine,"€36911,97"
970,S-Class,2000,WBA4B3C56FG570330,Blue,"€31972,21"
971,V70,2007,WBAEW53484P546927,Puce,"€12998,38"
972,Firebird Formula,1999,1FTEW1C86AF834457,Aquamarine,"€19808,03"
973,Legacy,2000,JN1AZ4EH2AM251695,Purple,"€37975,65"
974,VUE,2004,1FTWW3CY8AE886260,Pink,"€14273,35"
975,Prius,2009,WBSDE93442C993244,Khaki,"€39499,63"
976,Ciera,1995,1C4RDHAG0DC250915,Orange,"€36624,88"
977,RL,2005,WVWDB7AJ0EW741104,Blue,"€26229,96"
978,Fusion,2011,WAUJGAFC3DN168292,Maroon,"€14997,83"
979,Tundra,2007,1GD02ZCG4BZ218847,Yellow,"€31514,40"
980,Riviera,1993,SCBBB7ZH3BC680811,Indigo,"€35272,30"
981,Express,2007,WAUEV74FX7N982001,Khaki,"€18713,47"
982,Sprinter 3500,2011,WBAFU7C59DD507585,Teal,"€37879,89"
983,XC70,2010,5N1AA0ND5FN968177,Purple,"€14342,37"
984,MX-6,1990,WAUHE78P78A310437,Mauv,"€13500,92"
985,MR2,1992,JTHBB1BA1A2028179,Aquamarine,"€20474,21"
986,Grand Marquis,1987,WVGAV7AX4AW187120,Fuscia,"€35487,90"
987,Precis,1986,WA1UFAFL0EA205904,Pink,"€31359,58"
988,Rogue,2009,JTEBU5JR4B5364480,Mauv,"€10675,95"
989,Astro,1997,5J6TF1H51DL473261,Fuscia,"€38960,55"
990,CLS-Class,2009,1HGCR2E54DA978022,Violet,"€26949,53"
991,Acclaim,1995,KNAGM4AD7F5015339,Pink,"€37525,17"
992,Yukon XL,2006,5N1AR1NB1AC031487,Goldenrod,"€15829,05"
993,XT,1988,WDCGG0EB9DG555752,Fuscia,"€16698,16"
994,S4,1992,KNAGM4AD0D5991637,Purple,"€31931,57"
995,Z4,2012,5UMDU934X6L825507,Green,"€26958,70"
996,900,1996,SAJWA4DB7EL132867,Indigo,"€30460,50"
997,Ram Van 3500,1997,WBABW33446P616496,Red,"€16468,53"
998,Outlander,2012,WA1YD64B85N624977,Green,"€13754,10"
999,Corolla,1993,TRUWT28NX21101160,Turquoise,"€20480,60"
1000,Seville,2003,WBA3C1C54FP371564,Blue,"€23003,66"
